Intelligence,Strength,Speed,Durability,Power,Combat,Alter Egos,Alignment,Gender,Height,Weight,Total Power,Hair color_simple,Eye color_simple,Race_simple,Publisher_simple
80,35,44,35,26,55,No,good,Male,188,90,274,other,Brown,,Marvel Comics
75,100,18,80,24,65,No,good,Male,203,441,365,No Hair,Yellow,Human,Marvel Comics
80,90,55,65,98,65,No,good,Male,185,90,454,No Hair,Blue,other,DC Comics
85,80,55,90,66,95,Yes,bad,Male,203,441,468,No Hair,Green,Human / Radiation,Marvel Comics
100,100,83,100,100,55,No,bad,Male,0,0,540,Black,Blue,Cosmic Entity,Marvel Comics
75,80,26,100,98,65,No,bad,Male,193,122,443,No Hair,Blue,Human,Marvel Comics
85,10,13,100,99,65,No,good,Male,0,0,374,Blond,Blue,,NBC - Heroes
85,10,34,40,41,50,No,good,Male,185,88,260,Blond,Blue,Human,DC Comics
80,40,46,50,44,85,Yes,good,Female,173,61,343,Blond,Blue,,Marvel Comics
60,10,15,5,6,20,No,good,Male,178,81,115,Brown,Brown,Human,Marvel Comics
90,30,40,80,74,95,No,good,Male,191,104,411,,,,Marvel Comics
80,85,99,85,98,40,No,bad,Male,188,108,488,White,Blue,,Marvel Comics
80,50,33,80,33,55,Yes,bad,Male,193,90,335,Black,Brown,Cyborg,Marvel Comics
80,80,44,90,99,50,No,bad,Male,0,0,446,,,Human,other
85,10,18,10,11,55,No,good,Male,178,72,188,Black,Blue,Human,DC Comics
80,30,43,90,61,60,No,bad,Male,244,169,363,No Hair,,other,Dark Horse Comics
0,0,-1,0,1,0,No,good,Male,0,0,241,,,,other
85,100,84,100,98,100,No,bad,Male,257,173,568,,Red,Android,DC Comics
35,45,36,35,25,70,No,bad,Male,188,101,246,Black,Brown,Human,Marvel Comics
35,25,29,60,63,30,No,good,Male,0,0,244,,,,NBC - Heroes
85,15,49,65,30,45,Yes,good,Male,183,68,290,Blond,Blue,,Marvel Comics
90,30,61,90,98,75,No,good,Male,0,0,444,,,Vampire,Dark Horse Comics
75,55,23,45,19,30,Yes,good,Female,165,57,249,Black,Yellow,Mutant,Marvel Comics
75,10,30,30,58,60,Yes,good,Female,163,54,266,Black,Brown,,Marvel Comics
95,100,101,100,98,100,No,bad,Female,0,0,594,,,,Image Comics
80,50,51,85,74,80,Yes,good,Male,183,83,420,Blond,Blue,Human,DC Comics
90,80,50,60,60,65,No,bad,Male,180,90,406,No Hair,Green,,Marvel Comics
100,20,26,30,33,35,Yes,good,Male,211,122,243,Blond,Blue,Human,Marvel Comics
90,20,21,40,53,30,Yes,good,Male,183,86,256,Blond,Blue,Human,Marvel Comics
95,100,49,100,101,90,Yes,bad,Male,6100,0,533,No Hair,Yellow,God / Eternal,DC Comics
75,60,56,65,69,65,No,bad,Male,0,0,391,,,,Image Comics
90,60,64,90,100,85,Yes,,Male,229,358,489,Blond,Blue,Symbiote,Marvel Comics
100,100,34,100,100,60,Yes,bad,Male,213,135,493,Black,Red,Mutant,Marvel Comics
60,20,13,15,40,15,No,good,Male,0,0,165,Blond,Blue,,DC Comics
85,45,46,75,90,60,No,good,Male,178,106,399,Black,Blue,Atlantean,DC Comics
95,85,78,80,99,80,Yes,good,Male,185,146,520,Blond,Blue,Atlantean,DC Comics
80,50,49,70,74,70,No,good,Female,175,63,395,Blond,Blue,Human,Marvel Comics
85,15,58,65,33,45,Yes,good,Male,183,68,303,Blond,Blue,Mutant,Marvel Comics
75,65,25,45,56,70,No,bad,Female,173,57,333,other,other,,Marvel Comics
85,100,101,80,100,25,No,good,Female,193,98,491,other,other,Alien,Marvel Comics
90,85,36,80,86,105,No,good,Male,185,270,480,Brown,Brown,,Marvel Comics
80,10,14,15,96,30,No,good,Female,165,59,244,other,other,,Marvel Comics
80,65,14,80,55,55,No,good,Female,163,50,350,Black,other,,Marvel Comics
80,55,59,60,64,85,Yes,good,Male,0,0,406,,,Human,DC Comics
85,80,26,100,99,50,Yes,good,Male,183,101,441,Red,Brown,Mutant,Marvel Comics
85,100,46,100,28,80,No,bad,Male,198,126,441,Brown,Blue,God / Eternal,DC Comics
90,95,76,95,90,85,No,good,Male,178,68,529,Red,Blue,,DC Comics
0,0,0,0,-1,0,No,good,Male,0,0,241,,,,DC Comics
75,10,25,30,39,45,No,good,Female,168,54,223,Black,other,,DC Comics
95,10,34,45,38,60,No,good,Male,183,81,283,Auburn,Brown,Human,DC Comics
0,0,0,0,-2,0,No,good,Male,0,0,240,Red,,,DC Comics
85,55,56,55,59,65,No,good,Male,0,72,376,Black,Brown,,DC Comics
85,10,98,60,73,60,No,good,Female,180,63,390,Black,Blue,Mutant,Marvel Comics
80,15,50,95,98,80,No,bad,Male,183,67,421,Black,Yellow,other,Marvel Comics
85,20,20,20,34,80,No,good,Male,0,0,259,Black,Brown,Human,DC Comics
95,95,95,95,96,90,Yes,good,Male,0,0,565,,,,DC Comics
60,50,33,80,28,30,No,good,Male,0,0,284,,,Human,
95,40,25,60,55,95,No,bad,Male,203,180,369,,,Human,DC Comics
80,10,60,40,66,70,Yes,good,Male,183,77,323,Auburn,Green,Human,Marvel Comics
65,55,26,55,26,60,No,good,Male,165,54,286,Black,Brown,,Marvel Comics
70,45,50,40,43,70,Yes,good,Female,0,0,320,,,,DC Comics
95,15,34,40,34,90,Yes,good,Female,170,57,309,Red,Green,Human,DC Comics
80,65,68,70,64,90,Yes,good,Female,0,0,440,,,,DC Comics
85,15,30,60,50,100,Yes,good,Female,165,52,338,Black,Green,Human,DC Comics
0,0,0,0,-1,0,Yes,good,Female,0,0,241,,,,DC Comics
90,10,23,30,24,80,Yes,good,Female,168,61,260,Blond,Blue,,DC Comics
100,20,28,50,48,100,Yes,good,Male,188,95,349,Black,Blue,Human,DC Comics
95,40,28,55,64,90,No,good,Male,178,77,373,Black,Blue,Human,DC Comics
95,15,36,30,41,100,Yes,good,Male,178,79,315,Black,Blue,Human,DC Comics
80,55,35,75,50,75,No,good,Male,198,133,369,Black,Brown,,Marvel Comics
95,10,31,25,28,80,No,good,Female,178,0,268,Red,Green,Human,DC Comics
0,0,1,0,0,0,No,good,Male,175,63,240,White,other,,Marvel Comics
100,50,40,60,46,85,No,good,Male,180,181,381,other,Blue,Mutant,Marvel Comics
80,30,49,70,78,40,No,good,Male,173,68,349,other,Green,Human,DC Comics
70,60,64,65,74,65,No,bad,Male,0,0,399,,,,Marvel Comics
90,100,99,100,99,75,No,good,Male,0,0,564,,,,DC Comics
85,80,36,95,98,85,No,good,Male,201,216,480,No Hair,,,Marvel Comics
100,100,99,100,101,85,No,good,Male,0,0,586,,,God / Eternal,Marvel Comics
95,100,61,75,28,55,No,good,Male,229,158,414,No Hair,other,Android,Marvel Comics
95,100,80,100,100,100,No,bad,Female,188,135,575,Black,Blue,New God,DC Comics
75,10,15,35,26,65,No,good,Male,0,0,225,,,,other
90,15,23,30,19,70,No,bad,Male,165,71,250,Brown,Blue,,Marvel Comics
85,40,36,60,30,40,No,good,Male,0,0,288,,,Alpha,SyFy
0,0,-2,0,1,0,No,bad,Male,0,0,238,,,,Image Comics
80,40,35,40,21,40,No,good,Female,0,0,253,Black,Blue,Cyborg,
0,0,1,0,-1,0,No,bad,Male,0,0,240,,,Human,Marvel Comics
0,0,0,0,0,0,No,bad,Male,0,0,239,,,Human,Marvel Comics
90,55,68,70,68,70,No,good,Male,0,0,424,,,God / Eternal,other
85,15,23,75,101,65,No,good,Male,198,124,364,No Hair,Brown,Mutant,Marvel Comics
75,95,98,100,99,85,No,neutral,Male,191,155,555,Black,other,other,DC Comics
0,0,-1,0,-1,0,No,bad,Male,0,0,241,Black,Red,,Marvel Comics
95,100,94,100,98,60,No,bad,Male,191,113,548,Black,Brown,,DC Comics
90,70,100,85,101,60,No,good,Male,188,95,503,Black,Blue,Inhuman,Marvel Comics
85,10,36,15,43,80,No,good,Female,165,58,269,Blond,Blue,Human,DC Comics
85,10,35,20,55,80,No,good,Female,170,59,285,Blond,Blue,Metahuman,DC Comics
90,20,35,10,26,70,Yes,good,Female,178,54,251,Blond,Green,Human,Marvel Comics
75,10,99,80,100,30,No,neutral,Male,0,0,396,,,God / Eternal,DC Comics
0,0,-2,0,-1,0,No,good,Male,0,0,241,,,,Marvel Comics
85,10,10,70,44,70,No,good,Male,183,86,289,Brown,Brown,Human,Marvel Comics
80,15,56,30,69,75,No,good,Male,185,90,326,No Hair,Brown,,DC Comics
90,10,36,45,91,65,No,bad,Female,170,52,335,Black,Green,,Marvel Comics
90,30,51,60,79,85,Yes,bad,Male,188,92,396,No Hair,other,Human,DC Comics
95,20,28,60,43,100,No,good,Male,183,90,348,Black,Brown,Human,Marvel Comics
90,15,34,30,40,100,Yes,good,Female,170,59,308,Auburn,Green,Human,Marvel Comics
90,60,79,75,68,95,No,good,Female,170,61,470,Blond,Blue,,Marvel Comics
85,35,44,80,44,65,No,bad,Male,191,104,356,White,Red,Demon,Marvel Comics
75,10,33,35,19,60,No,bad,Male,185,86,233,Black,Blue,,Marvel Comics
80,30,11,30,70,25,No,,Male,188,88,245,White,Red,Alien,Marvel Comics
85,30,38,50,41,90,No,good,Male,188,97,333,Black,Brown,Vampire,Marvel Comics
0,0,0,0,-1,0,Yes,good,Male,0,0,240,No Hair,other,,Marvel Comics
85,15,13,90,56,30,No,good,Female,168,68,288,,,,Marvel Comics
80,10,21,30,79,65,No,good,Female,165,56,283,other,Green,Mutant,Marvel Comics
75,75,58,70,86,65,No,bad,Male,0,0,430,,,,Marvel Comics
0,0,-1,0,0,0,No,bad,Male,0,0,239,Brown,,,Marvel Comics
75,10,31,45,50,60,No,bad,Male,175,77,268,Brown,Brown,,Marvel Comics
60,85,25,95,30,75,No,bad,Male,178,230,370,Brown,Brown,,Marvel Comics
85,80,35,80,101,85,No,bad,Female,218,495,463,Brown,Blue,Human,Marvel Comics
80,10,49,80,79,65,No,good,Male,0,0,366,No Hair,other,Mutant,Marvel Comics
65,75,66,70,68,90,No,bad,Male,3050,0,435,No Hair,other,,Marvel Comics
85,80,79,85,90,85,No,good,Male,0,0,506,Brown,Blue,,DC Comics
0,0,0,0,-2,0,No,good,Male,0,0,240,,,,DC Comics
85,45,54,65,58,80,No,good,Male,183,86,391,Brown,Blue,,DC Comics
80,35,58,80,99,30,No,good,Male,0,0,385,Black,Brown,Human,DC Comics
85,10,41,40,71,70,No,bad,Male,183,0,316,Black,Brown,other,George Lucas
0,0,-2,0,-1,0,No,good,Male,0,0,239,,,,Marvel Comics
90,90,81,95,98,90,No,bad,Female,0,0,543,,,,Image Comics
75,10,13,45,60,65,Yes,good,Female,165,55,271,Blond,Blue,Mutant,Marvel Comics
0,0,-1,0,0,0,No,good,Female,0,0,238,,,,Marvel Comics
85,85,44,70,98,40,No,good,Male,196,97,426,Blond,Blue,Human,DC Comics
0,0,1,0,-2,0,No,good,Male,0,0,238,,,,Marvel Comics
0,0,-2,0,-1,0,No,good,Male,193,110,240,Blond,Blue,,Marvel Comics
80,75,23,30,16,60,Yes,good,Male,0,0,286,Brown,Brown,,Marvel Comics
100,95,64,90,58,75,No,bad,Male,198,135,486,No Hair,Green,Android,DC Comics
100,10,26,30,61,35,No,good,Male,170,61,260,Blond,Green,,DC Comics
90,60,48,70,95,60,No,good,Male,183,99,425,Brown,Brown,Human,Marvel Comics
85,35,23,40,34,15,No,neutral,Male,193,0,236,,,Mutant,
85,30,43,70,48,60,No,good,Female,157,52,339,Blond,Green,Human,Dark Horse Comics
80,15,23,70,20,70,No,bad,Male,183,90,280,Blond,Blue,Human,Marvel Comics
85,30,24,10,49,35,No,good,Female,170,59,233,Black,Brown,Human,DC Comics
0,0,1,0,0,0,No,good,Male,0,0,241,,,,Marvel Comics
75,10,9,10,21,70,No,good,Male,0,0,195,,,Human,DC Comics
95,50,25,60,98,80,Yes,good,Male,203,158,409,White,Blue,Mutant,Marvel Comics
85,55,23,45,54,85,No,bad,Female,175,74,349,Black,Blue,,Marvel Comics
80,10,24,30,55,70,No,good,Male,0,0,268,,,Alpha,SyFy
80,30,71,100,93,60,No,good,Male,183,81,434,Blond,Blue,,Marvel Comics
85,20,39,55,58,100,Yes,good,Male,188,108,360,Blond,Blue,Human,Marvel Comics
95,95,84,90,101,80,No,good,Male,193,90,545,other,Blue,Human / Radiation,DC Comics
90,80,48,60,35,80,No,good,Male,198,116,396,Blond,Blue,Human,Marvel Comics
80,10,19,20,29,20,Yes,neutral,Male,0,0,179,Brown,Brown,Human,DC Comics
85,85,74,85,78,85,No,good,Male,188,0,494,Brown,Blue,,Team Epic TV
65,10,86,30,11,20,No,good,Male,0,0,221,Black,,Human,other
85,85,84,85,94,85,No,good,Male,188,108,519,Blond,Blue,,Marvel Comics
95,90,74,95,101,90,Yes,good,Female,180,74,546,Blond,Blue,Human-Kree,Marvel Comics
90,85,30,90,33,60,No,good,Male,175,74,388,Black,Blue,Human,DC Comics
0,0,1,0,1,0,No,good,Male,0,0,238,,,Human,Dark Horse Comics
80,90,75,80,101,60,No,good,Male,0,0,483,other,Red,God / Eternal,Marvel Comics
95,95,96,95,98,85,No,good,Male,0,0,564,,,God / Eternal,Marvel Comics
85,65,68,85,88,90,No,bad,Male,185,86,483,Red,Green,Symbiote,Marvel Comics
90,85,78,90,86,80,No,good,Female,173,61,510,Blond,Blue,,Marvel Comics
0,0,-1,0,0,0,No,good,Female,0,0,240,,,,Marvel Comics
85,15,35,30,30,85,Yes,good,Female,175,61,280,Black,Green,Human,DC Comics
0,0,-1,0,-2,0,No,good,Female,170,62,238,Brown,Brown,,Marvel Comics
95,80,56,65,99,100,No,good,Male,201,97,496,White,other,Alien,Marvel Comics
85,70,70,80,80,90,No,good,Female,0,0,473,,,Mutant,Marvel Comics
80,10,20,80,60,65,No,good,Male,175,63,314,Brown,Brown,Mutant,Marvel Comics
95,10,19,30,49,30,No,bad,Male,0,0,234,,,Human,Marvel Comics
85,10,23,45,65,65,No,bad,Male,180,81,296,Black,Brown,,Marvel Comics
75,10,46,20,36,70,No,bad,Female,163,50,256,Blond,Green,Human,DC Comics
75,20,45,20,39,60,No,bad,Female,170,55,259,Brown,Green,Human,DC Comics
95,100,89,80,78,95,No,bad,Female,175,54,540,Brown,Brown,Human,DC Comics
80,40,23,50,38,65,No,good,Male,226,111,301,Brown,Blue,other,George Lucas
0,0,-1,0,-1,0,No,bad,Male,185,86,240,Red,Brown,,Team Epic TV
80,95,33,100,25,60,Yes,good,Male,183,170,393,Red,Green,Human,DC Comics
75,10,16,100,91,30,No,good,Female,0,0,318,Blond,Blue,,NBC - Heroes
70,40,44,40,74,35,Yes,good,Female,0,0,306,White,,,Marvel Comics
85,10,48,65,100,60,Yes,good,Male,226,70,370,Black,Brown,,Marvel Comics
90,10,18,10,11,40,No,bad,Male,178,78,181,Black,Blue,Human,DC Comics
70,65,61,80,79,60,Yes,bad,Male,0,0,413,,,,Image Comics
0,0,-2,0,-2,0,No,good,Male,0,0,239,Brown,other,,HarperCollins
0,0,1,0,1,0,No,good,Male,0,0,240,,,,DC Comics
85,85,36,100,46,80,Yes,good,Male,226,225,431,Black,other,Mutant,Marvel Comics
80,10,26,25,53,60,No,neutral,Female,183,67,254,White,Red,Mutant,Marvel Comics
70,35,44,35,46,75,No,good,Male,191,79,305,Brown,Brown,,Marvel Comics
80,10,8,10,29,25,No,bad,Male,183,99,164,Black,Brown,Human,Marvel Comics
60,60,38,65,83,65,No,good,Male,0,0,376,Auburn,Blue,,Marvel Comics
85,70,58,75,81,65,No,good,Male,180,104,434,No Hair,Brown,,Marvel Comics
85,20,15,15,66,60,No,good,Female,168,50,260,Red,Green,Inhuman,Marvel Comics
0,0,0,0,-1,0,No,bad,Male,0,0,239,,,,Image Comics
60,100,75,90,83,70,No,bad,Male,0,0,480,,,,Image Comics
90,55,46,85,75,65,Yes,good,Male,198,173,415,Black,Brown,Cyborg,DC Comics
90,95,96,100,98,80,No,bad,Male,0,0,561,Black,Blue,Cyborg,DC Comics
90,10,24,45,81,80,Yes,good,Male,191,88,329,Brown,Brown,Mutant,Marvel Comics
75,35,41,35,50,35,No,good,Male,175,68,268,Blond,Blue,,Marvel Comics
85,10,36,45,54,70,No,good,Female,165,52,301,Blond,Blue,,Marvel Comics
0,0,-2,0,-1,0,No,good,Male,0,0,241,Blond,Brown,,HarperCollins
75,10,8,10,60,10,No,good,Female,0,0,174,,,,other
90,15,35,35,63,100,Yes,good,Male,183,90,340,Red,Blue,Human,Marvel Comics
80,35,36,70,75,65,No,good,Male,185,81,358,Brown,Brown,Human,Marvel Comics
95,15,23,60,20,30,No,good,Male,0,0,244,,,Human,other
95,100,85,100,98,95,Yes,bad,Male,267,817,575,No Hair,Red,New God,DC Comics
75,10,33,45,80,65,No,good,Female,168,56,309,Blond,Brown,Mutant,Marvel Comics
80,50,50,30,101,100,No,bad,Male,170,0,411,,Yellow,other,George Lucas
85,50,35,35,100,100,Yes,bad,Male,198,135,404,No Hair,Yellow,Cyborg,George Lucas
65,15,93,60,19,30,No,good,Male,122,27,285,Blond,Blue,Human,Dark Horse Comics
100,35,23,40,61,50,No,good,Male,0,0,309,Brown,Yellow,Android,Star Trek
85,10,35,60,100,55,No,good,Female,173,52,346,Blond,Blue,Mutant,Marvel Comics
80,10,34,100,98,45,No,good,Male,183,90,370,Black,Blue,Human,DC Comics
85,35,48,100,99,100,Yes,neutral,Male,188,95,469,No Hair,Brown,Mutant,Marvel Comics
80,10,23,30,53,80,Yes,bad,Male,185,91,278,Brown,Brown,Human,DC Comics
85,35,28,70,41,60,No,good,Male,193,178,320,other,Brown,Cyborg,Marvel Comics
90,30,35,100,48,90,Yes,neutral,Male,193,101,396,White,Blue,Human,DC Comics
80,50,44,35,71,60,No,bad,Male,185,95,341,No Hair,Red,Demon,Marvel Comics
80,95,60,100,83,70,No,bad,Male,188,383,488,,,,Marvel Comics
75,20,23,30,45,60,Yes,bad,Male,193,90,253,Black,Brown,Human,Marvel Comics
80,15,14,60,48,60,No,good,Male,0,0,278,,,,NBC - Heroes
90,80,35,80,39,70,No,good,Male,198,171,393,other,Blue,Human / Radiation,Marvel Comics
100,35,19,100,99,85,Yes,bad,Male,201,187,441,Brown,Brown,Human,Marvel Comics
95,75,53,75,80,70,No,bad,Male,201,132,449,Brown,Brown,,Marvel Comics
95,20,26,80,100,50,Yes,good,Male,188,89,369,Blond,Blue,Human,DC Comics
100,50,36,40,53,65,No,bad,Male,175,110,344,Brown,Brown,Human,Marvel Comics
100,10,13,85,100,60,Yes,good,Male,188,81,371,Black,other,Human,Marvel Comics
85,10,31,30,48,75,Yes,good,Female,173,54,281,Black,Blue,Human,Marvel Comics
95,15,51,60,60,75,No,good,Male,0,0,353,No Hair,Green,Mutant,other
90,90,84,90,84,95,No,good,Female,175,63,535,Black,Blue,Amazon,DC Comics
90,100,71,100,98,90,No,bad,Male,244,412,549,White,Red,Alien,DC Comics
50,65,58,95,70,85,No,bad,Male,196,104,424,No Hair,other,,Marvel Comics
95,95,86,100,101,80,Yes,bad,Male,185,0,555,No Hair,Yellow,,Marvel Comics
100,100,43,100,99,45,Yes,good,Male,0,0,490,No Hair,other,Human / Cosmic,DC Comics
80,80,23,85,51,65,Yes,good,Male,193,306,383,No Hair,Red,Human / Altered,Marvel Comics
95,80,83,100,73,30,Yes,bad,Female,0,0,464,,,,Marvel Comics
85,35,34,95,53,70,No,good,Female,168,56,374,Brown,Brown,Human,Dark Horse Comics
85,10,50,60,70,65,Yes,bad,Male,180,74,339,Auburn,Blue,Human,Marvel Comics
85,15,28,30,60,100,Yes,good,Female,175,59,319,Black,Blue,Human,Marvel Comics
80,10,15,45,64,45,No,bad,Female,0,0,258,Blond,Blue,,NBC - Heroes
90,10,33,90,44,40,Yes,good,Male,185,80,308,Red,Blue,,DC Comics
90,65,35,90,99,45,Yes,good,Female,178,65,424,Blond,Blue,,Marvel Comics
85,15,24,60,101,40,Yes,good,Female,168,57,326,Blond,Blue,Human,DC Comics
80,80,86,80,83,75,No,good,Female,0,0,485,,,,HarperCollins
0,0,1,0,1,0,No,good,Male,0,0,240,,,,DC Comics
80,85,20,100,100,50,No,neutral,Male,193,203,436,No Hair,Red,Demon,DC Comics
85,35,48,100,101,100,Yes,bad,Male,188,95,470,Red,other,Mutant,Marvel Comics
80,35,34,70,83,65,No,bad,Male,191,106,369,Black,Red,Alien,Marvel Comics
85,85,30,30,101,70,No,bad,Male,183,88,399,Black,Blue,Mutant,Marvel Comics
0,0,-1,0,-1,0,No,bad,Male,196,96,239,Brown,Blue,,Marvel Comics
75,15,51,30,25,65,Yes,good,Male,188,108,261,Black,Brown,Human,Marvel Comics
95,85,83,100,101,60,No,bad,Male,0,0,525,other,other,,Marvel Comics
95,95,74,100,100,90,No,bad,Female,0,0,553,,,Kryptonian,DC Comics
75,30,45,30,29,70,No,good,Female,175,50,280,other,Yellow,,Marvel Comics
0,0,1,0,-1,0,No,good,Female,0,0,238,Red,,,DC Comics
80,85,26,100,76,70,No,good,Male,975,18000,435,No Hair,Red,other,Marvel Comics
75,10,40,15,101,45,No,good,Female,165,56,283,Black,Brown,,Marvel Comics
75,65,76,90,56,30,No,good,Male,193,99,391,other,other,,Marvel Comics
80,10,55,55,75,35,No,good,Female,173,56,309,Red,Green,Mutant,Marvel Comics
80,55,58,60,100,45,No,good,Male,0,0,401,Black,Brown,,DC Comics
75,80,59,80,100,40,Yes,good,Male,188,91,434,Auburn,Blue,Human,DC Comics
90,70,70,75,70,65,No,bad,Male,0,0,440,No Hair,Red,,Marvel Comics
85,10,98,50,71,35,Yes,good,Male,180,81,350,Brown,Blue,Human,DC Comics
95,50,101,60,100,60,Yes,good,Male,183,88,463,Blond,Blue,Human,DC Comics
85,10,98,60,100,35,Yes,good,Male,183,86,388,,,Human,DC Comics
85,10,101,35,98,50,Yes,good,Male,157,52,379,Auburn,Yellow,Human,DC Comics
85,10,16,30,25,50,No,good,Male,183,81,215,Black,Brown,,Marvel Comics
85,80,48,60,101,50,No,good,Male,142,45,423,Blond,Blue,Mutant,Marvel Comics
75,10,5,5,239,10,No,good,Male,188,92,104,other,Blue,,Marvel Comics
85,55,33,100,39,55,No,bad,Female,211,104,369,Black,Brown,,Marvel Comics
75,80,51,85,83,65,No,good,Female,180,167,441,White,Blue,,Marvel Comics
100,100,86,100,99,50,Yes,neutral,Male,876,16000,533,Black,other,Cosmic Entity,Marvel Comics
85,10,25,30,54,85,Yes,good,Male,185,81,289,Brown,Red,Mutant,Marvel Comics
90,85,46,85,56,100,No,good,Female,183,77,458,Black,Yellow,other,Marvel Comics
80,90,65,90,90,85,No,good,Male,0,0,500,,,Mutant,DC Comics
85,5,9,10,56,10,No,good,Male,0,0,173,,,Alpha,SyFy
100,100,98,100,99,95,Yes,bad,Male,0,0,595,Black,other,Kryptonian,DC Comics
80,75,74,70,80,65,No,good,Male,185,86,446,Blond,Blue,,Marvel Comics
80,55,26,100,101,60,Yes,good,Male,188,99,420,No Hair,Red,Demon,Marvel Comics
70,85,93,85,83,90,No,good,Male,0,0,511,,,,Marvel Comics
95,85,39,65,54,45,Yes,good,Male,0,0,383,,,Human,Marvel Comics
0,0,0,0,-2,0,No,good,Male,0,0,238,,,,Marvel Comics
95,90,23,85,35,45,No,bad,Female,6250,630,373,Red,Green,,DC Comics
80,100,100,100,80,70,No,neutral,Male,198,268,531,other,Blue,other,Marvel Comics
90,10,26,30,66,60,No,bad,Female,168,50,281,Red,Green,,Marvel Comics
75,100,55,100,99,20,Yes,bad,Male,10800,90000000,449,,,other,
80,35,50,75,39,60,No,bad,Male,0,0,338,,,,DC Comics
80,100,76,90,100,100,Yes,good,Male,175,62,546,,,Saiyan,other
0,0,-1,0,0,0,Yes,good,Male,0,0,239,,,,Marvel Comics
0,0,-2,0,1,0,Yes,good,Male,0,0,241,,,Human,Marvel Comics
0,0,0,0,1,0,Yes,good,Male,0,0,241,,,Human,Marvel Comics
0,0,-1,0,-2,0,No,good,Male,183,90,241,Black,Brown,,Marvel Comics
95,55,35,70,99,65,No,bad,Male,198,270,419,Black,Yellow,other,DC Comics
100,100,91,100,94,100,No,bad,Female,178,115,586,White,Blue,,DC Comics
80,35,36,40,70,30,No,good,Male,178,79,290,Brown,Blue,Human,Marvel Comics
75,10,14,15,35,40,No,bad,Male,170,0,189,,other,other,George Lucas
95,15,36,30,38,90,Yes,good,Male,188,88,305,Blond,Green,Human,DC Comics
100,50,39,60,49,50,Yes,bad,Male,180,83,350,Auburn,Blue,Human,Marvel Comics
90,55,39,50,46,30,Yes,bad,Male,178,77,309,Auburn,Blue,,Marvel Comics
0,0,1,0,0,0,No,good,Male,183,88,238,,,,Marvel Comics
90,90,83,80,64,75,No,good,Male,178,79,485,Brown,Green,,Marvel Comics
85,90,74,80,98,70,Yes,good,Male,188,90,500,Brown,Brown,Human,DC Comics
85,80,26,90,99,35,No,good,Male,180,90,414,Blond,Blue,,DC Comics
75,90,56,65,101,65,Yes,good,Male,188,95,451,Red,Blue,other,DC Comics
80,85,44,65,99,65,No,good,Male,185,90,440,Black,Green,Human,DC Comics
85,90,50,60,98,60,Yes,good,Male,180,79,443,Black,Green,Human,DC Comics
80,90,46,55,100,60,No,good,Male,0,0,429,Black,Brown,Human,DC Comics
80,90,50,50,99,55,No,good,Female,0,0,423,Brown,Green,Human,DC Comics
90,85,34,70,98,65,Yes,good,Male,701,4000,445,,Yellow,other,Marvel Comics
90,65,66,75,78,75,No,good,Male,0,0,450,Black,Brown,Human,Marvel Comics
80,10,19,20,45,60,No,good,Male,183,79,235,Brown,Brown,Human,George Lucas
85,90,70,100,101,50,No,good,Male,188,0,496,Black,Brown,Human,other
95,15,33,65,56,80,No,bad,Female,170,63,343,Blond,Blue,Human,DC Comics
90,10,25,10,99,50,No,good,Male,0,0,283,Black,Green,Human,other
85,10,24,60,76,45,Yes,good,Male,183,79,299,Blond,Blue,Mutant,Marvel Comics
75,40,35,95,43,45,No,good,Male,185,89,336,Brown,Red,,DC Comics
80,15,24,10,30,80,Yes,good,Male,191,104,238,Blond,Blue,Human,Marvel Comics
80,10,8,10,24,50,No,good,Female,165,57,185,Black,Blue,Human,Marvel Comics
80,30,56,100,99,75,Yes,good,Female,175,61,438,Red,Green,,DC Comics
90,40,60,75,83,80,No,good,Male,185,88,430,Brown,Blue,Alien,DC Comics
90,85,85,90,84,90,No,good,Female,175,54,524,Red,Green,,DC Comics
75,85,90,75,79,85,No,good,Female,0,0,488,,,,DC Comics
75,80,86,85,79,90,No,good,Female,170,65,494,Red,Blue,,DC Comics
90,100,75,90,74,85,No,good,Male,0,0,514,,,Human,other
75,10,21,45,30,30,No,bad,Male,180,81,211,No Hair,Blue,Human,DC Comics
85,100,49,100,98,45,No,bad,Female,213,225,481,Black,Green,Asgardian,Marvel Comics
85,55,24,95,73,75,Yes,good,Male,259,158,409,Black,Yellow,Demon,Dark Horse Comics
85,15,34,45,50,70,No,good,Female,173,61,300,Red,Blue,Human,Marvel Comics
80,65,59,75,89,65,No,good,Male,185,81,434,Red,Red,,Marvel Comics
85,100,49,85,88,100,No,good,Male,196,146,508,Brown,Blue,Demi-God,Marvel Comics
75,15,96,20,101,35,No,good,Male,0,0,341,,,,NBC - Heroes
80,10,28,20,31,65,No,good,Female,0,0,235,,,Human,other
65,60,58,60,64,60,Yes,bad,Male,180,83,371,other,Blue,,Marvel Comics
85,80,79,80,78,80,No,good,Female,170,0,483,Red,Blue,,Marvel Comics
85,10,15,35,96,75,Yes,good,Female,168,48,314,Red,Green,,Marvel Comics
75,55,56,70,60,75,No,good,Male,79,18,390,other,Brown,,Marvel Comics
95,100,63,100,101,85,Yes,good,Male,244,630,545,other,Green,Human / Radiation,Marvel Comics
85,15,63,70,90,45,No,good,Male,178,77,371,Blond,Blue,Human / Radiation,Marvel Comics
85,10,23,30,33,95,Yes,good,Female,180,59,279,Black,Blue,,DC Comics
85,65,35,80,50,65,No,good,Female,170,58,379,Blond,Blue,Mutant,Marvel Comics
85,65,59,75,99,80,No,good,Male,175,77,463,Black,Brown,Symbiote,Marvel Comics
75,15,25,80,70,50,No,bad,Male,188,119,316,Brown,Brown,,Marvel Comics
95,100,100,95,91,80,No,good,Male,183,207,560,Red,Blue,Eternal,Marvel Comics
85,35,53,100,99,65,Yes,good,Male,173,65,440,Brown,Brown,Mutant,Marvel Comics
80,10,101,60,73,60,Yes,good,Male,170,65,383,Auburn,Yellow,Human,DC Comics
85,10,21,30,21,30,No,good,Male,183,79,194,,,Human,George Lucas
90,65,51,50,100,50,No,neutral,Female,0,0,403,other,,Alien,DC Comics
75,30,21,40,74,50,No,good,Male,180,81,290,No Hair,Blue,Mutant,Marvel Comics
95,10,30,85,94,60,No,good,Female,168,54,375,Blond,Blue,Human / Radiation,Marvel Comics
90,55,33,50,93,100,No,good,Male,180,79,423,Blond,Blue,Human,Marvel Comics
100,85,60,85,100,65,Yes,good,Male,198,191,496,Black,Blue,Human,Marvel Comics
95,65,24,90,60,60,Yes,bad,Male,0,2000,395,No Hair,Blue,,Marvel Comics
90,50,76,50,49,60,No,good,Female,0,0,375,,,,DC Comics
85,55,98,30,81,30,No,good,Male,155,79,381,Brown,Blue,Human,Marvel Comics
35,35,68,80,100,10,No,good,Male,71,14,331,Brown,Blue,Human,Dark Horse Comics
95,15,21,35,25,90,Yes,good,Male,183,0,279,Blond,Blue,Human,other
85,15,19,30,30,75,No,good,Male,178,77,254,Brown,other,Human,Star Trek
60,10,33,10,26,15,No,good,Male,193,0,153,,Yellow,other,George Lucas
85,35,23,100,99,50,Yes,bad,Male,191,113,393,Red,Brown,Human,Dark Horse Comics
100,80,23,20,96,70,Yes,good,Female,168,52,390,Red,Green,Mutant,Marvel Comics
90,10,20,30,28,65,No,good,Male,0,0,245,,,Human,Star Trek
90,10,35,45,73,75,No,good,Female,168,55,328,Blond,Blue,,Marvel Comics
90,60,98,70,91,85,Yes,good,Female,0,0,494,,,Human,DC Comics
80,45,50,70,20,55,Yes,good,Female,170,56,318,Brown,Brown,Human,Marvel Comics
0,0,-2,0,-2,0,No,good,Female,0,0,241,,,,NBC - Heroes
60,45,45,60,43,85,Yes,bad,Male,188,113,340,Black,Blue,,Marvel Comics
75,40,23,80,25,20,No,good,Male,0,0,263,,,,other
95,10,9,10,16,10,No,good,Male,0,0,148,,,,other
0,0,-1,0,-1,0,No,good,Male,0,0,240,,,,Dark Horse Comics
85,10,11,40,54,65,No,good,Male,183,0,265,Blond,Blue,Human,DC Comics
90,15,35,30,90,80,No,good,Male,183,88,340,Black,Brown,,Marvel Comics
100,10,15,60,46,70,Yes,bad,Male,196,86,301,other,Green,Human,DC Comics
85,15,28,35,34,45,No,good,Female,165,49,244,Black,Blue,,Marvel Comics
80,10,23,20,71,90,Yes,good,Female,165,52,295,Black,Red,Mutant,Marvel Comics
90,20,38,50,56,95,No,good,Male,188,0,351,,,Human,other
75,100,43,100,83,70,Yes,neutral,Male,287,855,474,Red,Blue,Human,Marvel Comics
80,40,18,90,85,30,No,bad,Male,0,0,343,,,Mutant,Marvel Comics
80,10,35,70,54,30,No,good,Male,178,81,278,Brown,other,Human,Marvel Comics
70,40,50,50,53,85,No,good,Female,0,0,351,Brown,Green,Human,George Lucas
0,0,1,0,1,0,No,good,Male,213,0,241,No Hair,other,Android,George Lucas
100,50,61,70,101,70,Yes,bad,Male,191,104,449,Brown,Brown,,Marvel Comics
85,65,71,20,48,100,No,good,Male,173,72,390,Brown,Brown,Human,DC Comics
90,10,25,25,23,50,No,good,Female,0,0,225,,,Human,Star Trek
80,10,26,25,25,55,No,good,Female,0,0,219,,,Human,
65,10,13,15,99,40,No,good,Male,0,0,243,Black,,Human,DC Comics
75,10,26,35,25,60,No,good,Male,0,0,231,Blond,Blue,Human,other
65,5,94,45,20,30,No,good,Male,0,0,261,Red,Green,Human,DC Comics
70,45,98,65,78,65,Yes,good,Male,0,0,426,,,,DC Comics
65,55,34,90,55,60,Yes,bad,Male,244,356,359,No Hair,Red,Metahuman,DC Comics
95,10,16,35,61,30,Yes,bad,Female,0,0,246,Blond,Blue,Human,DC Comics
95,90,55,45,98,80,No,good,Male,234,324,465,No Hair,Red,other,DC Comics
80,100,74,75,48,75,No,good,Male,3050,9000000,455,Black,Yellow,Animal,
80,90,48,90,89,40,No,bad,Male,0,0,438,No Hair,other,Animal,DC Comics
90,20,25,40,14,70,Yes,bad,Male,201,203,260,No Hair,Blue,Human,Marvel Comics
85,40,36,100,66,60,No,bad,Male,188,97,383,No Hair,Red,Human,Marvel Comics
80,95,64,95,101,100,No,good,Male,198,108,533,,,Demi-God,other
80,35,24,30,45,85,No,bad,Male,191,99,301,Black,Brown,Human,Marvel Comics
85,35,35,45,23,85,No,bad,Male,183,106,309,Black,Brown,Human,Marvel Comics
55,80,98,90,83,40,No,good,Male,64,18,448,White,Blue,Kryptonian,DC Comics
80,45,34,30,101,70,No,bad,Male,0,0,359,,,Human,George Lucas
90,75,79,80,75,100,No,bad,Female,0,0,499,Black,,,Marvel Comics
85,30,46,85,48,90,No,bad,Female,175,58,384,Black,Brown,Cyborg,Marvel Comics
100,10,16,15,60,45,No,bad,Male,178,63,243,No Hair,Green,,Marvel Comics
65,5,16,15,63,15,No,good,Male,0,0,181,,,,Marvel Comics
80,100,45,30,98,75,No,good,Male,175,59,428,Black,Green,Mutant,Marvel Comics
90,20,51,65,58,80,No,good,Male,0,0,365,No Hair,Blue,Mutant,other
100,55,24,65,69,70,No,bad,Male,188,95,385,No Hair,Green,Human,DC Comics
75,10,33,30,69,45,No,good,Female,165,54,264,Red,Blue,,DC Comics
75,10,24,30,60,45,No,good,Male,155,65,245,Red,Blue,,DC Comics
75,10,23,45,70,45,No,bad,Male,191,95,269,Red,Blue,,DC Comics
90,55,36,60,33,30,No,bad,Other,198,360,303,No Hair,Yellow,,Marvel Comics
100,100,98,100,98,30,No,neutral,Male,0,0,531,No Hair,Blue,Cosmic Entity,Marvel Comics
55,35,30,45,76,50,No,good,Female,0,0,289,,,,Dark Horse Comics
80,55,59,70,80,60,Yes,bad,Male,203,230,406,No Hair,Red,Human,Marvel Comics
100,100,53,100,98,85,No,neutral,Male,229,288,538,Black,Red,other,DC Comics
95,65,50,85,99,60,Yes,bad,Male,193,236,453,Black,Green,Asgardian,Marvel Comics
80,10,29,10,75,70,No,good,Male,188,36,273,Blond,Blue,Human,Marvel Comics
100,100,83,100,98,95,Yes,neutral,Male,178,79,580,Blond,other,God / Eternal,DC Comics
80,65,30,95,43,70,Yes,good,Male,198,191,385,Black,Brown,Human,Marvel Comics
0,0,0,0,-1,0,No,bad,Male,0,0,238,,,,NBC - Heroes
85,40,44,25,99,100,Yes,good,Male,168,77,395,Blond,Blue,Human,George Lucas
75,10,84,15,56,15,No,good,Female,0,0,255,,,Human,Marvel Comics
70,65,48,60,85,85,No,good,Female,0,0,413,other,Green,,Marvel Comics
90,40,60,85,61,60,No,bad,Male,180,79,395,Brown,Brown,,Marvel Comics
85,35,36,85,53,65,No,good,Male,183,383,359,Black,Red,,Marvel Comics
0,0,-2,0,0,0,No,good,Male,0,0,241,,,,
95,80,31,85,93,80,No,bad,Male,188,86,465,White,other,Mutant,Marvel Comics
80,50,24,65,70,75,No,good,Male,0,0,363,Blond,Blue,,DC Comics
95,100,71,100,100,75,No,bad,Male,183,0,539,,other,,Marvel Comics
100,100,100,100,98,100,No,,Male,0,0,601,other,Blue,God / Eternal,Image Comics
75,20,51,70,33,30,No,neutral,Male,0,0,280,Brown,Brown,Human,DC Comics
80,35,10,100,101,40,No,good,Male,213,225,365,No Hair,Red,,Marvel Comics
85,45,35,45,43,70,No,good,Male,188,90,324,Auburn,Brown,,Marvel Comics
100,30,24,30,98,95,No,bad,Male,188,97,380,White,Blue,Human,Marvel Comics
85,10,35,80,98,80,No,good,Female,168,52,388,Black,Green,Human-Kree,Marvel Comics
100,95,93,100,98,85,No,good,Male,201,135,576,No Hair,Red,other,DC Comics
85,85,48,45,98,80,No,good,Female,170,56,444,Red,Green,,Marvel Comics
0,0,-1,0,0,0,No,good,Male,183,81,240,Black,Blue,,Team Epic TV
90,75,36,80,70,100,No,good,Male,213,0,448,Brown,Brown,Human / Altered,other
90,95,85,85,98,70,No,bad,Male,0,0,526,Black,other,,DC Comics
85,10,13,15,60,60,No,good,Male,0,0,243,,,,NBC - Heroes
85,10,14,45,58,85,No,good,Male,193,110,299,Black,Blue,,Marvel Comics
90,90,33,60,85,75,No,bad,Female,180,72,434,Red,Brown,,DC Comics
80,10,16,15,61,15,No,good,Female,0,0,196,,,,NBC - Heroes
90,35,33,70,38,60,No,good,Female,180,59,330,Red,Green,Inhuman,Marvel Comics
75,10,15,45,65,65,Yes,good,Female,165,54,275,Blond,Blue,,Marvel Comics
95,85,36,95,99,45,No,bad,Male,198,140,453,Black,other,,Marvel Comics
80,65,80,60,93,80,Yes,good,Female,175,72,458,Red,Blue,Atlantean,DC Comics
90,55,23,95,88,65,No,bad,Male,196,90,419,Brown,Green,Android,DC Comics
70,85,68,95,94,80,No,good,Male,185,90,496,No Hair,other,,DC Comics
0,0,-1,0,-1,0,No,good,Female,0,0,238,,,,Marvel Comics
95,10,51,60,98,30,No,good,Male,185,86,345,Black,Blue,,DC Comics
85,10,15,15,60,15,No,good,Male,0,0,198,Black,Brown,,NBC - Heroes
85,15,48,65,61,75,No,good,Male,0,0,351,,Blue,Mutant,other
75,30,31,30,44,35,No,good,Male,183,77,245,Brown,other,,DC Comics
85,70,51,60,79,45,No,good,Male,188,101,388,Brown,Brown,,Marvel Comics
0,0,-2,0,0,0,No,good,Female,0,0,240,,,,other
85,35,23,80,94,45,Yes,good,Female,0,0,364,Red,Blue,,DC Comics
85,85,58,100,101,45,No,good,Female,178,61,473,Red,Red,,DC Comics
100,10,18,70,35,65,Yes,good,Male,185,81,300,Brown,Brown,Human / Radiation,Marvel Comics
90,35,13,70,40,30,No,bad,Male,183,86,279,,,Human,DC Comics
90,10,19,30,14,65,No,bad,Male,0,0,231,Brown,Blue,other,Marvel Comics
100,85,99,100,100,50,No,bad,Male,0,0,534,,,God / Eternal,DC Comics
100,50,50,90,98,50,No,bad,Male,196,128,441,Black,Red,Human / Altered,Marvel Comics
100,25,36,30,30,95,No,bad,Male,173,68,315,Blond,Blue,Human,DC Comics
90,35,39,20,48,95,No,good,Female,175,61,331,Blond,Blue,Human,Marvel Comics
100,20,25,25,81,15,No,bad,Male,366,338,263,Brown,other,Cyborg,Marvel Comics
80,85,85,95,95,70,No,good,Male,0,0,509,,,other,DC Comics
0,0,-2,0,-1,0,No,good,Male,0,0,240,,,,NBC - Heroes
85,100,68,90,100,70,No,bad,Male,170,63,515,Brown,Blue,Human / Radiation,Marvel Comics
75,40,34,40,69,45,No,bad,Male,0,0,304,,,,DC Comics
80,75,24,85,54,60,No,bad,Male,196,248,379,other,Yellow,,Marvel Comics
95,100,101,100,99,95,No,good,Male,193,90,589,White,Blue,,DC Comics
80,10,35,15,49,90,No,good,Female,0,0,279,,,,NBC - Heroes
80,40,24,45,28,75,No,good,Male,188,101,293,Brown,Brown,Human,Marvel Comics
80,70,49,55,73,80,Yes,bad,Female,180,59,409,Blond,Blue,,Marvel Comics
85,60,35,45,75,60,No,bad,Male,188,79,361,Black,other,,Marvel Comics
65,50,40,65,69,50,No,good,Male,178,79,340,No Hair,other,,Marvel Comics
90,30,16,45,54,60,No,bad,Male,175,72,294,Black,Brown,,Marvel Comics
80,10,10,100,70,30,No,good,Male,188,70,299,Blond,Blue,Mutant,Marvel Comics
80,85,34,95,28,40,No,good,Male,201,158,366,Blond,Blue,Human,Dark Horse Comics
75,65,23,85,15,60,Yes,good,Female,173,61,326,Red,Blue,,Marvel Comics
85,15,23,70,31,65,No,good,Male,180,70,289,Brown,Blue,,Marvel Comics
95,10,18,40,85,70,No,bad,Male,180,79,318,No Hair,Brown,Human,Marvel Comics
90,15,23,65,65,75,No,bad,Female,178,54,335,Red,Yellow,Mutant,Marvel Comics
0,0,-2,0,-2,0,No,good,Male,0,0,240,,,,Marvel Comics
85,95,61,70,74,85,Yes,good,Male,188,125,471,Black,other,Atlantean,Marvel Comics
80,85,43,45,51,65,No,good,Female,180,85,371,Blond,Blue,,Marvel Comics
80,75,51,70,41,70,No,good,Female,168,101,384,Blond,Blue,,Marvel Comics
75,90,75,80,100,100,No,good,Male,178,54,521,other,Blue,Human,other
0,0,0,0,1,0,No,good,Male,0,0,241,,Brown,,NBC - Heroes
85,55,16,50,44,60,No,bad,Female,185,83,309,No Hair,Blue,other,Marvel Comics
80,10,8,10,45,35,Yes,good,Female,0,0,191,Black,other,Mutant,Marvel Comics
90,15,23,45,25,100,No,good,Male,185,99,298,Brown,Brown,Human,Marvel Comics
80,10,51,15,79,80,Yes,good,Male,175,88,315,other,Yellow,,Marvel Comics
95,15,34,30,41,100,Yes,good,Male,178,79,314,Black,Blue,Human,DC Comics
85,55,33,30,39,60,No,good,Female,0,0,303,Blond,Blue,,NBC - Heroes
85,5,8,10,70,20,No,good,Female,0,0,198,,,Alpha,SyFy
85,45,39,40,50,80,No,good,Male,0,0,340,,,,DC Comics
80,20,85,60,63,70,No,good,Male,180,83,379,Black,Blue,,Marvel Comics
100,85,73,100,98,80,No,good,Male,185,86,541,Brown,Brown,Human,Marvel Comics
85,60,99,100,99,35,No,good,Female,163,59,479,Red,other,Human / Cosmic,Marvel Comics
100,85,68,95,98,90,Yes,good,Male,206,293,539,White,Blue,God / Eternal,Marvel Comics
80,10,33,100,100,60,No,good,Male,0,0,383,,,,DC Comics
70,70,50,85,68,90,No,bad,Male,211,191,434,Blond,Red,,Marvel Comics
0,0,-1,0,-1,0,No,good,Male,180,65,241,Black,Brown,,Team Epic TV
65,100,95,100,68,65,No,good,Male,175,69,495,No Hair,,Human,other
100,100,99,100,100,100,No,neutral,Other,0,0,599,Blond,Yellow,Cosmic Entity,Marvel Comics
95,100,35,100,100,55,No,bad,Male,305,405,486,No Hair,Red,Mutant,Marvel Comics
90,15,25,30,19,80,Yes,good,Female,178,59,260,Red,Blue,Human,DC Comics
90,85,61,95,64,45,No,good,Male,0,0,438,Brown,Brown,,DC Comics
0,0,-2,0,1,0,No,bad,Male,0,0,238,,,,Image Comics
100,20,33,20,51,95,No,bad,Male,0,0,321,Blond,Blue,Human,DC Comics
55,30,19,50,55,25,No,bad,Male,0,0,235,,,other,DC Comics
50,15,24,50,11,5,No,good,Male,170,117,156,,,Human,other
0,0,1,0,-2,0,No,good,Male,0,0,238,,,,Marvel Comics
0,0,-2,0,1,0,No,good,Female,0,0,239,,,,Marvel Comics
65,45,69,65,83,65,Yes,good,Male,183,89,396,Blond,Blue,,Marvel Comics
95,10,16,35,45,45,No,bad,Male,157,79,243,Black,Blue,Human,DC Comics
70,60,101,100,100,95,No,good,Male,0,0,524,,,,NBC - Heroes
70,35,33,35,29,80,No,good,Male,0,0,283,,,,DC Comics
75,10,25,30,55,45,No,good,Female,168,54,240,Black,Blue,,DC Comics
100,10,25,100,98,40,No,neutral,Male,188,83,373,Black,other,Human,DC Comics
100,100,83,100,99,80,Yes,good,Female,168,52,565,Red,Green,Mutant,Marvel Comics
85,60,25,55,64,25,No,bad,Male,183,87,313,other,Green,Mutant,Marvel Comics
0,0,1,0,0,0,No,good,Male,0,0,240,,,,DC Comics
80,65,25,100,99,60,No,good,Male,185,80,428,Black,Blue,Human,DC Comics
80,10,23,30,58,45,No,bad,Female,168,55,251,Red,Blue,,DC Comics
95,15,31,70,99,70,No,bad,Female,168,50,380,Red,Green,Human,DC Comics
85,75,46,50,101,45,No,good,Female,170,52,400,other,Green,Mutant,Marvel Comics
100,100,98,100,99,75,No,good,Female,180,81,573,Blond,Blue,Kryptonian,DC Comics
50,80,38,90,51,80,Yes,good,Male,0,0,391,,,Mutant,Marvel Comics
85,30,26,85,101,90,No,bad,Male,213,234,416,,,other,Dark Horse Comics
100,10,15,15,98,35,Yes,good,Male,183,86,276,No Hair,Blue,Mutant,Marvel Comics
100,10,99,20,86,20,Yes,bad,Male,180,81,334,Auburn,Blue,Human,DC Comics
85,40,26,50,26,30,No,bad,Male,0,0,253,Blond,Green,,Marvel Comics
85,35,26,40,101,90,Yes,good,Female,180,70,376,other,Blue,Mutant,Marvel Comics
85,20,25,45,43,100,Yes,good,Male,183,90,318,Black,Blue,Human,Marvel Comics
80,10,11,30,95,10,No,bad,Male,180,74,233,other,other,Human,Marvel Comics
75,10,16,15,55,30,Yes,bad,Male,178,68,201,Blond,Blue,,Marvel Comics
100,15,19,100,98,40,No,,Male,0,0,375,,,God / Eternal,Star Trek
90,40,50,45,86,90,No,good,Female,163,52,398,Black,Brown,other,Marvel Comics
0,0,-1,0,-2,0,No,good,Male,0,0,241,,,,HarperCollins
95,15,31,35,18,80,No,good,Male,188,83,274,Blond,Blue,Human,DC Comics
85,30,101,60,84,60,No,good,Male,183,79,418,other,Blue,Mutant,Marvel Comics
75,10,15,15,26,15,No,good,Male,163,56,155,Brown,Brown,,Marvel Comics
100,30,36,45,29,100,No,bad,Male,193,97,339,other,Green,Human,DC Comics
85,5,11,10,54,10,No,good,Female,0,0,173,,,Alpha,SyFy
85,20,51,65,59,80,No,good,Male,0,0,361,No Hair,,Mutant,other
80,10,28,70,84,40,No,neutral,Female,165,50,314,Black,other,Human,DC Comics
80,10,96,100,98,20,No,good,Male,178,70,403,Red,Green,Human,DC Comics
70,85,80,80,86,100,No,bad,Male,191,117,499,No Hair,Blue,,Marvel Comics
85,20,26,20,24,80,No,good,Male,180,83,253,Red,Green,Human,DC Comics
90,15,23,30,33,95,Yes,neutral,Male,183,81,289,Black,Blue,Human,DC Comics
80,100,48,85,84,75,No,neutral,Male,213,630,473,Black,Yellow,Human / Radiation,Marvel Comics
65,10,23,15,20,60,Yes,bad,Male,0,0,196,,,,other
95,15,29,35,30,80,Yes,good,Male,165,56,283,Black,Blue,Human,DC Comics
90,10,15,15,21,80,Yes,bad,Male,188,108,231,No Hair,Blue,,Marvel Comics
90,40,71,60,99,40,Yes,good,Male,185,146,401,No Hair,Green,Android,DC Comics
0,0,-1,0,-2,0,No,bad,Male,0,0,241,,,,Image Comics
0,0,-2,0,-1,0,No,bad,Male,0,0,241,,,,Image Comics
0,0,1,0,-1,0,No,good,Female,0,0,240,,,,HarperCollins
85,10,24,10,89,35,No,good,Female,297,0,254,Brown,other,Human,George Lucas
65,80,46,90,38,85,No,bad,Male,196,320,403,Brown,Brown,Human / Radiation,Marvel Comics
95,15,23,30,20,95,No,bad,Male,185,85,280,Brown,Blue,,DC Comics
100,10,14,15,10,15,No,bad,Male,0,0,166,,,,DC Comics
100,10,11,10,100,25,No,good,Male,0,0,256,Blond,Blue,Human,DC Comics
0,0,-1,0,-1,0,No,good,Female,180,72,238,Black,Green,,Marvel Comics
95,15,30,30,35,85,Yes,good,Male,178,79,288,Black,Blue,Human,DC Comics
90,15,31,30,29,85,Yes,good,Male,183,101,281,Red,Blue,Human,DC Comics
95,15,28,30,31,85,Yes,good,Male,165,56,285,Black,Blue,Human,DC Comics
85,10,35,20,28,65,Yes,good,Male,137,38,246,Black,Blue,Human,DC Comics
80,10,25,20,20,70,No,neutral,Female,0,0,225,Red,Green,Human,DC Comics
90,35,13,80,53,50,No,good,Male,188,0,323,,,Cyborg,
80,5,25,30,31,65,No,good,Male,122,25,235,Brown,Brown,Animal,Marvel Comics
90,10,15,30,80,80,Yes,good,Female,173,54,305,Brown,Green,,Marvel Comics
80,15,25,10,13,80,Yes,good,Male,191,104,225,Blond,Blue,Human,Marvel Comics
80,50,40,90,48,100,Yes,bad,Male,198,171,411,Blond,other,Mutant,Marvel Comics
90,10,15,15,30,60,No,good,Female,170,61,219,Black,Blue,,Marvel Comics
80,75,49,95,100,60,No,neutral,Male,185,203,458,Brown,Brown,Human,Marvel Comics
90,80,24,60,14,45,No,good,Male,305,900,314,other,Red,,Marvel Comics
95,10,48,20,88,25,No,good,Female,170,59,290,Blond,Blue,other,DC Comics
95,85,35,100,98,70,No,bad,Male,279,0,484,,,other,other
85,70,55,85,71,75,No,good,Male,0,0,439,,,,Image Comics
95,10,14,15,51,50,Yes,bad,Male,183,63,234,Brown,Blue,Human,DC Comics
90,55,60,75,51,60,Yes,good,Male,178,74,390,Blond,Blue,Human,Marvel Comics
95,55,60,40,38,60,No,good,Male,193,113,348,Brown,Brown,other,Marvel Comics
100,10,29,70,99,80,Yes,bad,Female,170,59,390,Brown,Blue,Mutant,Marvel Comics
75,30,44,30,36,30,No,bad,Female,0,0,243,Red,Green,,Marvel Comics
80,55,61,85,49,80,Yes,bad,Male,211,310,408,Brown,Brown,Human,Marvel Comics
85,85,16,95,39,60,Yes,bad,Male,0,0,380,,,Mutant,Marvel Comics
90,100,98,100,99,45,Yes,good,Male,188,87,536,Blond,Blue,Human,Marvel Comics
90,15,28,100,98,75,No,good,Male,185,149,410,,Red,,Marvel Comics
85,10,71,20,80,80,No,good,Female,173,54,343,Black,other,other,DC Comics
95,10,25,25,68,70,Yes,good,Female,168,50,295,Brown,other,Mutant,Marvel Comics
85,15,30,50,30,100,No,good,Male,178,79,310,Black,Brown,Human,Marvel Comics
85,50,45,65,49,85,Yes,good,Male,191,88,378,Red,Brown,,Marvel Comics
95,100,91,95,98,75,Yes,good,Male,193,101,556,Black,Blue,Human,DC Comics
95,100,43,100,39,70,Yes,good,Female,201,315,451,other,Green,Human,Marvel Comics
90,100,44,70,101,70,No,good,Female,0,0,474,,,Human,other
85,75,25,80,24,65,Yes,good,Female,183,153,354,No Hair,Blue,Human / Radiation,Marvel Comics
85,10,23,70,81,60,Yes,bad,Male,175,79,330,Brown,Brown,Human,Marvel Comics
80,10,24,30,43,45,No,good,Female,173,52,236,Black,Yellow,,Marvel Comics
0,0,0,0,-2,0,No,good,Female,0,0,240,,,,DC Comics
85,90,71,80,100,70,Yes,good,Female,188,191,495,Black,Blue,Asgardian,Marvel Comics
90,50,76,70,73,65,No,good,Female,0,0,423,Black,Brown,Human,Marvel Comics
0,0,-2,0,-2,0,No,good,Female,0,0,239,,,,DC Comics
85,50,71,55,48,90,No,good,Female,0,0,400,,,,DC Comics
80,100,101,90,98,35,Yes,good,Male,193,101,506,No Hair,other,Alien,Marvel Comics
80,30,33,45,34,45,No,good,Female,157,50,269,Black,Brown,,Marvel Comics
90,85,54,65,101,55,Yes,neutral,Male,201,92,451,Black,other,other,DC Comics
80,65,80,60,96,60,No,bad,Female,175,72,438,other,Blue,Atlantean,DC Comics
0,0,-2,0,0,0,No,bad,Female,0,0,240,,other,,DC Comics
75,10,49,30,48,45,No,bad,Female,168,52,260,Auburn,Blue,,Marvel Comics
80,85,29,90,71,85,No,good,Male,198,180,438,Black,Green,,Marvel Comics
0,0,1,0,0,0,No,bad,Male,0,0,240,,,Animal,Marvel Comics
80,35,30,45,68,55,No,good,Female,178,49,316,Blond,other,,Marvel Comics
80,35,25,50,18,60,No,good,Male,0,0,270,No Hair,other,,DC Comics
55,95,15,100,95,30,No,bad,Male,279,437,389,White,other,other,DC Comics
90,40,31,45,56,60,No,good,Female,165,65,320,Red,Green,,Marvel Comics
75,20,33,40,93,80,No,good,Male,188,113,344,,,Human,DC Comics
90,75,48,100,100,100,Yes,good,Male,211,405,516,Black,Brown,Demon,Image Comics
95,100,100,100,101,70,Yes,good,Male,0,0,564,No Hair,other,God / Eternal,DC Comics
0,0,-2,0,-2,0,Yes,good,Male,0,0,240,,,,Marvel Comics
0,0,1,0,0,0,Yes,good,Male,0,0,238,,,Human,DC Comics
80,10,35,20,29,70,No,good,Female,0,0,246,Brown,Green,Human,DC Comics
65,75,71,75,70,75,Yes,bad,Male,0,0,428,,,Symbiote,Marvel Comics
85,40,60,65,55,75,No,good,Female,170,54,378,Brown,Blue,Human,Marvel Comics
90,55,63,70,69,70,Yes,good,Female,165,56,421,Blond,Blue,Human,Marvel Comics
100,55,68,75,75,95,Yes,good,Male,178,74,468,Brown,other,Human,Marvel Comics
85,65,74,70,68,75,No,good,Male,178,77,441,Brown,Red,Human,Marvel Comics
65,65,69,65,68,70,No,good,Male,157,56,406,Black,Brown,Human,Marvel Comics
80,45,44,60,70,70,No,good,Female,178,59,368,Black,Green,Human,Marvel Comics
0,0,-2,0,-1,0,No,good,Female,0,0,240,,,,Marvel Comics
80,50,30,45,58,30,No,good,Female,173,55,295,Brown,Brown,,Marvel Comics
0,0,0,0,0,0,No,bad,Female,178,58,241,White,Red,,Marvel Comics
95,20,18,40,59,40,No,good,Male,185,81,275,Black,Brown,other,Star Trek
80,15,20,60,48,30,No,good,Male,183,83,256,Blond,Brown,Mutant,Marvel Comics
0,0,-1,0,-1,0,No,good,Female,0,0,241,,,,Marvel Comics
85,20,33,50,26,70,No,good,Male,188,79,285,Blond,Blue,other,Marvel Comics
95,85,98,100,99,85,No,good,Male,0,0,565,,,,Marvel Comics
80,80,34,85,60,70,No,good,Female,193,71,409,Auburn,Green,other,DC Comics
85,80,49,90,90,70,No,good,Female,165,62,466,Blond,Blue,Human,DC Comics
85,10,46,50,90,40,No,good,Male,170,63,320,Black,Brown,Mutant,DC Comics
95,85,55,90,63,65,No,good,Male,201,131,453,No Hair,Brown,Human,DC Comics
85,10,53,10,24,10,No,good,Female,0,0,195,Blond,,,other
100,100,83,100,99,100,No,bad,Male,183,91,585,Black,Red,New God,DC Comics
90,10,50,30,90,75,Yes,good,Female,180,57,346,White,Blue,Mutant,Marvel Comics
60,10,10,15,6,20,No,bad,Male,183,0,119,,,Human,George Lucas
85,65,33,25,89,70,No,good,Male,173,77,368,Black,Brown,Mutant,Marvel Comics
90,95,83,90,94,60,No,good,Male,170,68,514,Black,Blue,,DC Comics
100,100,100,100,99,85,Yes,bad,Male,180,77,586,Black,Blue,Kryptonian,DC Comics
100,100,101,100,99,75,Yes,good,Female,165,54,576,Blond,Blue,Kryptonian,DC Comics
100,100,101,100,100,85,Yes,good,Male,191,101,585,Black,Blue,Kryptonian,DC Comics
95,100,61,100,100,80,Yes,bad,Male,30480,0,535,Red,Yellow,God / Eternal,Marvel Comics
95,95,23,100,101,55,No,bad,Male,0,0,471,No Hair,Red,God / Eternal,DC Comics
90,20,48,90,40,35,No,bad,Male,196,47,325,No Hair,Yellow,Mutant,Marvel Comics
90,10,14,25,85,85,No,bad,Male,0,0,308,,,,NBC - Heroes
90,70,23,30,73,60,No,good,Male,180,74,351,Black,Brown,,Marvel Comics
90,35,36,100,100,75,No,bad,Male,183,146,433,,,Android,Dark Horse Comics
90,35,18,60,74,65,No,bad,Male,0,176,346,,Red,Cyborg,Dark Horse Comics
90,80,24,90,86,75,No,bad,Male,0,198,443,,Red,Cyborg,Dark Horse Comics
90,65,28,85,99,80,No,bad,Female,0,149,449,,,Cyborg,Dark Horse Comics
90,15,51,20,66,100,No,bad,Male,188,99,339,Brown,Brown,Human,Marvel Comics
75,10,44,30,71,60,Yes,good,Female,163,54,288,Black,Brown,,Marvel Comics
100,100,35,100,98,80,Yes,bad,Male,201,443,514,No Hair,Red,Eternal,Marvel Comics
100,100,36,100,99,80,Yes,bad,Male,201,443,513,No Hair,Red,Eternal,Marvel Comics
85,15,21,10,16,80,No,neutral,Male,188,101,226,Black,Brown,Human,DC Comics
100,100,99,100,100,100,No,neutral,Male,0,0,599,,,God / Eternal,DC Comics
90,85,24,100,38,80,No,good,Male,183,225,419,No Hair,Blue,Human / Radiation,Marvel Comics
85,100,86,100,100,100,Yes,good,Male,198,288,571,Blond,Blue,Asgardian,Marvel Comics
90,85,69,85,98,70,No,good,Female,175,143,501,Blond,Blue,Asgardian,Marvel Comics
80,35,30,35,14,70,No,good,Male,185,101,263,Black,Brown,,Marvel Comics
0,0,-2,0,0,0,Yes,good,Male,0,0,241,,,,Marvel Comics
0,0,0,0,-2,0,No,good,Male,175,74,238,Black,Brown,,Marvel Comics
85,80,68,85,45,75,No,good,Male,198,288,439,Blond,Blue,,Marvel Comics
75,85,33,65,30,55,No,good,Female,218,158,344,Red,Green,,Marvel Comics
75,75,51,70,55,30,No,bad,Male,185,203,356,No Hair,other,Human,Marvel Comics
85,35,55,40,36,90,No,good,Female,178,81,340,Auburn,Green,,Marvel Comics
100,10,23,15,8,15,No,bad,Male,163,54,173,White,Brown,,Marvel Comics
0,0,1,0,-2,0,No,good,Male,0,0,241,,,,HarperCollins
80,35,60,60,71,30,Yes,neutral,Male,175,76,336,Brown,other,Mutant,Marvel Comics
80,75,69,85,86,70,No,good,Male,188,97,463,Brown,Blue,Symbiote,Marvel Comics
90,80,46,85,100,70,Yes,good,Male,191,117,468,Blond,other,Symbiote,Marvel Comics
80,55,66,95,89,60,No,good,Female,0,0,443,,,,NBC - Heroes
0,0,-2,0,0,0,No,,Male,183,81,240,Blond,Blue,Human,DC Comics
95,100,85,100,99,80,No,bad,Male,0,0,558,Black,Yellow,God / Eternal,DC Comics
85,10,23,45,46,45,No,good,Female,168,59,256,Brown,other,,DC Comics
80,65,49,65,36,55,Yes,good,Male,188,86,349,No Hair,Green,Inhuman,Marvel Comics
95,10,13,15,10,30,Yes,bad,Male,183,82,175,,,,DC Comics
80,80,35,70,35,80,No,good,Female,168,105,379,Blond,Blue,,Marvel Comics
95,85,45,100,100,65,Yes,bad,Male,206,331,489,,Red,Android,Marvel Comics
80,80,24,85,86,65,No,bad,Male,1520,58000,419,White,Blue,Frost Giant,Marvel Comics
0,0,1,0,-1,0,No,good,Female,168,54,238,Auburn,Blue,,Marvel Comics
0,0,-2,0,0,0,No,good,Female,175,56,239,Black,other,,Team Epic TV
75,85,73,85,74,95,Yes,good,Female,191,214,491,Blond,Blue,,Marvel Comics
85,10,74,60,66,45,No,bad,Male,165,79,338,No Hair,Green,,Marvel Comics
95,100,94,95,98,100,No,bad,Male,168,73,586,Black,,Saiyan,other
90,60,63,85,91,85,Yes,bad,Male,191,117,473,Auburn,Blue,Symbiote,Marvel Comics
80,60,48,70,53,60,No,bad,Male,175,50,375,Black,Brown,,Marvel Comics
85,75,34,90,76,60,Yes,bad,Male,229,334,421,Brown,Brown,Symbiote,Marvel Comics
85,60,66,100,98,100,Yes,,Male,226,0,511,,,Symbiote,Marvel Comics
0,0,0,0,-2,0,Yes,good,Female,168,52,241,other,Blue,,Marvel Comics
80,10,21,30,101,30,Yes,good,Male,178,71,270,Black,Brown,Human,DC Comics
85,65,56,65,59,70,Yes,good,Female,165,54,401,Red,Green,Human,Marvel Comics
0,0,1,0,-1,0,No,good,Male,0,0,238,,,,Marvel Comics
55,65,26,80,83,30,No,bad,Male,0,0,340,,,,Image Comics
80,10,14,50,80,15,No,good,Female,137,41,248,Black,other,Human,Dark Horse Comics
100,75,55,95,101,70,Yes,good,Male,191,135,493,No Hair,Yellow,Android,Marvel Comics
0,0,-2,0,-2,0,Yes,good,Male,191,135,239,No Hair,Red,,Marvel Comics
80,40,51,50,64,25,No,good,Female,175,63,310,Black,other,Human,DC Comics
70,70,76,90,99,75,No,good,Male,0,0,480,Black,other,,Marvel Comics
90,25,46,25,31,30,Yes,bad,Male,180,79,243,No Hair,Brown,Human,Marvel Comics
80,30,11,50,14,20,No,bad,Male,183,162,203,Black,Blue,Human,Marvel Comics
85,80,63,100,100,85,Yes,good,Male,185,95,516,Brown,Brown,Human,Marvel Comics
0,0,-2,0,1,0,Yes,good,Female,180,54,241,Blond,Blue,,Marvel Comics
95,40,79,95,74,95,Yes,good,Male,188,108,480,Blond,Red,,Marvel Comics
75,10,25,30,83,50,No,bad,Male,173,67,274,Black,Brown,,DC Comics
75,75,50,70,30,85,Yes,good,Male,218,158,385,Black,Brown,Mutant,Marvel Comics
85,20,59,55,29,45,Yes,good,Female,163,50,294,Auburn,Blue,Human,Marvel Comics
100,80,70,90,98,60,No,good,Male,0,0,498,,,,Marvel Comics
80,65,65,100,94,100,No,bad,Male,0,0,503,,,,Marvel Comics
85,10,33,15,49,90,No,bad,Female,0,0,285,Black,Brown,Human,DC Comics
80,45,45,70,64,45,Yes,good,Female,178,65,349,Blond,Blue,,Marvel Comics
80,35,25,100,81,45,No,good,Male,0,0,366,,,,DC Comics
80,35,36,65,60,85,No,good,Male,175,117,359,Brown,Brown,Human,Marvel Comics
0,0,0,0,-1,0,No,good,Male,140,39,241,Black,Brown,,Marvel Comics
75,20,33,45,28,45,No,good,Female,366,473,249,Auburn,Green,,Marvel Comics
85,35,51,100,91,100,Yes,good,Male,160,135,461,Black,Blue,Mutant,Marvel Comics
90,90,25,80,40,60,No,good,Female,165,51,383,Blond,Blue,Demi-God,DC Comics
90,100,53,90,65,65,Yes,good,Male,188,171,466,Black,Red,,Marvel Comics
95,100,80,100,98,100,Yes,good,Female,183,74,574,Black,Blue,Amazon,DC Comics
0,0,0,0,1,0,No,good,Female,0,0,239,,,,Marvel Comics
60,10,14,5,6,60,No,good,Male,196,117,155,Black,Brown,,Marvel Comics
90,25,46,100,54,95,Yes,good,Female,155,50,408,Black,Green,other,Marvel Comics
95,55,56,95,98,85,No,good,Male,175,61,485,Brown,Blue,,Marvel Comics
0,0,0,0,0,0,No,bad,Male,188,95,240,No Hair,Blue,,Marvel Comics
95,10,14,30,15,15,Yes,good,Male,183,83,181,Blond,Blue,Human,Marvel Comics
80,10,33,30,34,30,No,good,Female,165,52,219,Auburn,Blue,Human,Marvel Comics
80,100,29,100,101,30,No,good,Male,30480,0,439,No Hair,other,Frost Giant,Marvel Comics
95,55,35,25,99,90,No,good,Male,66,17,399,White,Brown,other,George Lucas
95,10,25,30,101,60,Yes,good,Female,170,57,321,Black,Blue,Human,DC Comics
80,10,100,30,98,30,Yes,bad,Male,185,81,350,Brown,Red,,DC Comics
